headphone1,photos/headphones/HINYCOM.png,4.9
headphone2,photos/headphones/Ghostbusters Kids Bluetooth Headphones.png,4.9
headphone3,photos/headphones/Audio-Technica ATH-M50xBT2.png,4.8
headphone4,photos/headphones/Skullcandy Crusher Evo.png,4.8
headphone5,photos/headphones/SENNHEISER HD 660 S.png,4.8
headphone6,photos/headphones/Dascert Wireless Earbuds.png,5
headphone7,photos/headphones/Toyota Wireless Headphones.png,4.9
headphone8,photos/headphones/beyerdynamic 459038 DT-990-Pro-250.png,4.9
headphone9,photos/headphones/Olyre Kids Headphones.png,4.9
headphone10,photos/headphones/Sony WH-1000XM4.png,4.8
headphone11,photos/headphones/Sleeping Headphones.png,5
headphone12,photos/headphones/Harry Potter Bluetooth Headphones .png,4.8
headphone13,photos/headphones/Sony WH-1000XM3.png,4.8
headphone14,photos/headphones/Planfan True Wireless Earbuds.png,5
headphone15,photos/headphones/Sony MDR7506.png,4.8
headphone16,photos/headphones/DRIVE AUDIO Wireless Headphones.png,4.8
headphone17,photos/headphones/OneOdio Wired Over Ear Headphones.png,4.5
headphone18,photos/headphones/Kirababy Earbuds.png,4
headphone19,photos/headphones/LIERONT Over-Ear Headphone.png,4.8
headphone20,photos/headphones/Beats Solo3 Wireless.png,4.7
headphone21,photos/headphones/Bose QuietComfort 35 II.png,4.7
headphone22,photos/headphones/Kids Headphones - noot products K11.png,4.7
headphone23,photos/headphones/Koss Porta Pro On Ear Headphones.png,4.7
headphone24,photos/headphones/POWMEE M1 Kids Headphones.png,4.7
headphone25,photos/headphones/Beats Solo3 Wireless On-Ear Headphones - Apple W1 Headphone Chip, Class 1 Bluetooth, 40 Hours Of Listening Time - Mickey's 90th Anniversary Edition - Grey (Previous Model).png,4.7
headphone26,photos/headphones/Kids Headphones-noot products K22.png,4.7
headphone27,photos/headphones/Beats Studio3 Wireless Noise Cancelling Over-Ear.png,4.7
headphone28,photos/headphones/Audio-Technica ATH-M40x.png,4.7
headphone29,photos/headphones/iRAG J01 Kids Headphones.png,4.9
headphone30,photos/headphones/SENNHEISER HD 599.png,4.7
headphone31,photos/headphones/OneOdio Wired Over Ear Headphones(1).png,4.5
headphone32,photos/headphones/Jogteg Earbuds Headphones with Microphone.png,4.8
headphone33,photos/headphones/Sony MDRV6 Studio Monitor.png,4.7
headphone34,photos/headphones/Kids Headphones with Microphone noot products K12.png,4.7
headphone35,photos/headphones/Kids Headphones-noot products K33.png,4.7
headphone36,photos/headphones/Sennheiser HD 598 Special Edition.png,4.7
headphone37,photos/headphones/Sennheiser Pro Audio HD 650.png,4.7
headphone38,photos/headphones/Sennheiser HD 600 Open Dynamic.png,4.7
headphone39,photos/headphones/iClever Cat Ear Bluetooth.png,4.7
headphone40,photos/headphones/Vic Firth Stereo Isolation Headphones V2.png,4.7
headphone41,photos/headphones/beyerdynamic DT 880 Pro.png,4.7
headphone42,photos/headphones/Zamkol Kids Wireless Headphones.png,4.7
headphone43,photos/headphones/Sony WH-1000XM4 Wireless Noise Canceling.png,4.7
headphone44,photos/headphones/Charlxee POM POM Bear Ear Kids Headphones.png,4.7
headphone45,photos/headphones/BMANI Wireless Earbuds Bluetooth.png,4.7
headphone46,photos/headphones/Sony WHXB900 Extra Bass Wireless.png,4.7
headphone47,photos/headphones/Philips Audio Fidelio X2HR.png,4.6
headphone48,photos/headphones/Meze 99 Classics Walnut Gold.png,4.7
headphone49,photos/headphones/Beyerdynamic DT 770 PRO 250.png,4.7
headphone50,photos/headphones/Audio-Technica ATH-R70x.png,4.7
headphone51,photos/headphones/Vic Firth Kidphones.png,4.7
headphone52,photos/headphones/Sony DJ Headphones (4334205465).png,4.7
headphone53,photos/headphones/INFURTURE Kids Headphones.png,4.7
headphone54,photos/headphones/Nilogie A21.png,4.7
headphone55,photos/headphones/Pioneer DJ HDJ-X5BT-N.png,4.7
headphone56,photos/headphones/Beyerdynamic DT-990 Pro.png,4.7
headphone57,photos/headphones/iClever Kids Headphones.png,4.7
headphone58,photos/headphones/AKG K240.png,4.7
headphone59,photos/headphones/Sony MDR7506.png,4.8
headphone60,photos/headphones/OneOdio Wired Over Ear Headphones.png,4.5
headphone61,photos/headphones/Beyerdynamic DT 990 PRO.png,4.7
headphone62,photos/headphones/Bose QuietComfort 35 (Series II).png,4.8
headphone63,photos/headphones/BIGGERFIVE 2021 Kids Wireless Headphones.png,4.7
headphone64,photos/headphones/Vislla Bluetooth Headphones.png,4.9
headphone65,photos/headphones/E5 Kids Wireless Headphone.png,4.7
headphone66,photos/headphones/Dascert Wireless Earbud(1).png,5
headphone67,photos/headphones/eKids Hello Kitty.png,4.9
headphone68,photos/headphones/Tapvos E7.png,4.7
headphone69,photos/headphones/Riwbox TX8.png,4.8
headphone70,photos/headphones/Beyerdynamic DT 990 PRO(1).png,4.7
headphone71,photos/headphones/Elecder i37.png,4.6
headphone72,photos/headphones/iClever HS14.png,4.6
headphone73,photos/headphones/Riwbox CT-7.png,4.6
headphone74,photos/headphones/Bose SoundLink.png,4.6
headphone75,photos/headphones/Riwbox WT-7S.png,4.6
headphone76,photos/headphones/Beats Solo3.png,4.7
headphone77,photos/headphones/Yamaha HPH-100B .png,4.7
headphone78,photos/headphones/Skullcandy Hesh 2.png,4.6
headphone79,photos/headphones/Skullcandy Crusher.png,4.6
headphone80,photos/headphones/Sony WHXB900N.png,4.6
headphone81,photos/headphones/V-MODA BoomPro.png,4.8
headphone82,photos/headphones/Audio-Technica ATH-M20X.png,4.6
headphone83,photos/headphones/JBL TUNE 500BT.png,4.6
headphone84,photos/headphones/AKG Pro Audio K240.png,4.6
headphone85,photos/headphones/Elecder i36 Kids.png,4.6
headphone86,photos/headphones/Philips Audio Philips SHP9500.png,4.6
headphone87,photos/headphones/Beats EP.png,4.6
headphone88,photos/headphones/AfterShokz Aeropex.png,4.6
headphone89,photos/headphones/Elecder i41.png,4.6
headphone90,photos/headphones/LilGadgets B06XT8KKS1.png,4.6
headphone91,photos/headphones/Audio-Technica ATHM50XBT.png,4.6
headphone92,photos/headphones/Sennheiser Pro Audio HD280PRO.png,4.6
headphone93,photos/headphones/Samson Technologies SR850.png,4.6
headphone94,photos/headphones/OneOdio Wired Over Ear Headphones(3).png,4.5
headphone95,photos/headphones/Audio-Technica ATH-M30x.png,4.6
headphone96,photos/headphones/POWMEE P10.png,4.6
headphone97,photos/headphones/eKids Spiderman.png,4.6
headphone98,photos/headphones/Beats Solo Pro.png,4.6
headphone99,photos/headphones/Philips Audio Fidelio X2HR(1).png,4.6
headphone100,photos/headphones/AFTERSHOKZ Air Open.png,4.6
headphone101,photos/headphones/NIVAVA K8.png,4.6
headphone102,photos/headphones/FosPower Kids Headphones.png,4.6
headphone103,photos/headphones/eKids Frozen 2.png,4.6
headphone104,photos/headphones/iClever Kids Headphones(1).png,4.6
headphone105,photos/headphones/KZ ZSN Pro Headphones.png,4.6
headphone106,photos/headphones/BLARO Bluetooth Headphones.png,4.6
headphone107,photos/headphones/JBL LIVE 400BT.png,4.6
headphone108,photos/headphones/gorsun Kids Headphones.png,4.6
headphone109,photos/headphones/EKids Kids Headphones for Kids Toy Story 4 Forky.png,4.6
headphone110,photos/headphones/WYZE Noise Cancelling Headphones.png,4.6
headphone111,photos/headphones/eKids Disney Frozen 2.png,4.6
headphone112,photos/headphones/JBL TUNE 600BTNC.png,4.6
headphone113,photos/headphones/Bose QuietComfort 25.png,4.6
headphone114,photos/headphones/SIMOLIO Wireless kids Headphones.png,4.6
headphone115,photos/headphones/Shure SRH440.png,4.6
headphone116,photos/headphones/Skullcandy Cassette.png,4.6
headphone117,photos/headphones/Aresrora Kitty Bluetooth Over Ear Headphones.png,4.6
headphone118,photos/headphones/iClever BTH12.png,4.6
headphone119,photos/headphones/eKids Spiderman(1).png,4.6
headphone120,photos/headphones/Octave â€“ Lunii Headphones.png,4.6
headphone121,photos/headphones/Sony MDR-XB500.png,4.6
headphone122,photos/headphones/HIFIMAN SUNDARA.png,4.6
headphone123,photos/headphones/eKids Mickey Mouse Headphones.png,4.6
headphone124,photos/headphones/iClever HS17.png,4.6
headphone125,photos/headphones/KRK KNS 6400.png,4.6
headphone126,photos/headphones/Skullcandy Grind.png,4.6
headphone127,photos/headphones/Sony Mdr-cd900st.png,4.6
headphone128,photos/headphones/JBL Bluetooth Headphone Blue (E55BT).png,4.6
headphone129,photos/headphones/BlueParrott B350-XT BPB-35020.png,4.6
headphone130,photos/headphones/Luckyu Kids Bluetooth 5.0 Cat Ear Headphones.png,4.6
headphone131,photos/headphones/LilGadgets Connect+.png,4.6
headphone132,photos/headphones/Little Helpers Wired Over-Ear Headphones.png,4.6
headphone133,photos/headphones/KZ ZS10 Pro Headphones.png,4.6
headphone134,photos/headphones/Sony Bluetooth Headphones WH-1000XM3SM.png,4.6
headphone135,photos/headphones/eKids Trolls World Tour Poppy Kids Headphones.png,4.6
headphone136,photos/headphones/iClever HS15.png,4.6
headphone137,photos/headphones/SONY Over On Ear Best Stereo Extra Bass Portable Headphones.png,4.6
headphone138,photos/headphones/Sony WHH900N.png,4.6
headphone139,photos/headphones/Bounty Hunter Metal Detector Binaural Headphone HEAD-PL.png,4.6
headphone140,photos/headphones/RORSOU R10.png,4.6
headphone141,photos/headphones/Sennheiser HD 560 S.png,4.6
headphone142,photos/headphones/Skullcandy Crusher ANC Personalized.png,4.6
headphone143,photos/headphones/Vic Firth DB22.png,4.6
headphone144,photos/headphones/Candy Bila 2021 Bluetooth Kids Headphones.png,4.6
headphone145,photos/headphones/gorsun Kids Headphones(1).png,4.6
headphone146,photos/headphones/charlxee Kids Wireless Headphones.png,4.6
headphone147,photos/headphones/Skullcandy Crusher(1).png,4.6
headphone148,photos/headphones/Philips X2HR Fidelio.png,4.6
headphone149,photos/headphones/Sony MDRXB400.png,4.6
headphone150,photos/headphones/Sennheiser HDR 175.png,4.6
headphone151,photos/headphones/TCJJ Kids Headphones.png,4.6
headphone152,photos/headphones/JLab Studio On-Ear Headphones.png,4.6
headphone153,photos/headphones/RORSOU R10(1).png,4.6
headphone154,photos/headphones/Skullcandy Cassette Junior.png,4.6
headphone155,photos/headphones/Philips SHP9500S.png,4.6
headphone156,photos/headphones/JLab Audio Studio On-Ear Headphones.png,4.6
headphone157,photos/headphones/Riwbox WT-7S Kids.png,4.8
headphone158,photos/headphones/Belkin SoundForm Mini Kids Wireless Headphones.png,4.6
headphone159,photos/headphones/gorsun Premium A66.png,4.6
headphone160,photos/headphones/Meze 99 Neo.png,4.6
headphone161,photos/headphones/eKids Batman Kids Headphones.png,4.6
headphone162,photos/headphones/Audiovox Single Channel Wireless.png,4.7
headphone163,photos/headphones/Hello Kitty Kids Headphones.png,4.6
headphone164,photos/headphones/Bose Noise Cancelling Wireless Bluetooth Headphones 700.png,4.6
headphone165,photos/headphones/Califone 2800-BL.png,4.7
headphone166,photos/headphones/Audio-Technica ATH-WP900.png,4.7
headphone167,photos/headphones/New bee Headphones.png,5
headphone168,photos/headphones/Audio Technica ATH-M40x.png,4.6
headphone169,photos/headphones/Premium Headphones for Nissan & Infiniti by Drive Audio.png,4.7
headphone170,photos/headphones/Drive Audio Compatible with Wireless Headphones.png,4.6
headphone171,photos/headphones/OneOdio Headphone.png,4.5
headphone172,photos/headphones/Panasonic RP-HT21.png,4.6
headphone173,photos/headphones/Sony WH-1000XM4(1).png,4.6
headphone174,photos/headphones/Beyerdynamic DT 770 PRO(1).png,4.6
headphone175,photos/headphones/Senal SMH-1000.png,4.6
headphone176,photos/headphones/Sony WH-1000XM4(2).png,4.6
headphone177,photos/headphones/Audonia E7.png,4.6
headphone178,photos/headphones/iClever TransNova.png,4.6
headphone179,photos/headphones/Focal Clear Open Circumaural.png,4.6
headphone180,photos/headphones/HEiL sound PROSET-3 Pro.png,4.6
headphone181,photos/headphones/Puro Sound Labs.png,4.6
headphone182,photos/headphones/vinamass Premium Bluetooth 5.1 Headphones.png,4.9
headphone183,photos/headphones/eKids Blues Clues Kids Bluetooth Headphones.png,4.6
headphone184,photos/headphones/Sony MDR-ZX110.png,4.5
headphone185,photos/headphones/Sony Wireless Headphones WH-CH510.png,4.5
headphone186,photos/headphones/AILIHEN C8.png,4.3
headphone187,photos/headphones/Artix CL750.png,4.4
headphone188,photos/headphones/Bose Noise Cancelling Headphones 700.png,4.5
headphone189,photos/headphones/iClever HS01.png,4.5
headphone190,photos/headphones/Snug Play+.png,4.5
headphone191,photos/headphones/OneOdio Over Ear Headphone.png,4.5
headphone192,photos/headphones/Rockpapa On Ear Stereo Headphones.png,4.5
headphone193,photos/headphones/OneOdio Over Ear Headphone(1).png,4.5
headphone194,photos/headphones/Picun P26.png,4.5
headphone195,photos/headphones/AVIWIS Headphones.png,4.5
headphone196,photos/headphones/Bose QuietComfort 25(1).png,4.5
headphone197,photos/headphones/Sony MDR-Z7M2.png,4.6
headphone198,photos/headphones/JBL E35.png,4.6
headphone199,photos/headphones/Elecder i39.png,4.5
headphone200,photos/headphones/iJoy Matte.png,4.5


