hotel1,photos/hotels/41.png,9.7
hotel2,photos/hotels/The Lilac Door.png,9.7
hotel3,photos/hotels/Milestone Hotel Kensington.png,9.5
hotel4,photos/hotels/Batty Langley's.png,9.5
hotel5,photos/hotels/Redchurch Townhouse.png,9.5
hotel6,photos/hotels/Parklands B&B.png,9.5
hotel7,photos/hotels/Vintry & Mercer.png,9.4
hotel8,photos/hotels/Streatham Common Bed & Breakfast.png,9.4
hotel9,photos/hotels/Intercontinental London.png,9.3
hotel10,photos/hotels/The Montague On The Gardens.png,9.3
hotel11,photos/hotels/The Brownswood.png,9.5
hotel12,photos/hotels/Corinthia London.png,9.3
hotel13,photos/hotels/The Langham London.png,9.3
hotel14,photos/hotels/Hotel Cafe Royal.png,9.4
hotel15,photos/hotels/Four Seasons Hotel London.png,9.5
hotel16,photos/hotels/Shangri-La The Shard.png,9.1
hotel17,photos/hotels/The Resident Covent Garden.png,9.3
hotel18,photos/hotels/The Cadogan.png,9.5
hotel19,photos/hotels/Cheval Three Quays.png,9.4
hotel20,photos/hotels/Sofitel London St James.png,9.3
hotel21,photos/hotels/The Stratford Hotel London.png,9.0
hotel22,photos/hotels/The Ritz London.png,9.3
hotel23,photos/hotels/L'oscar London.png,9.3
hotel24,photos/hotels/COVE Cannon Street.png,9.2
hotel25,photos/hotels/The Rookery.png,9.3
hotel26,photos/hotels/Hazlitt's.png,9.2
hotel27,photos/hotels/Wimbledon Views.png,9.7
hotel28,photos/hotels/Native Bankside.png,9.2
hotel29,photos/hotels/Half Moon.png,9.1
hotel30,photos/hotels/Holmes Hotel London.png,9.1
hotel31,photos/hotels/The Grafton Arms Pub & Rooms.png,9.3
hotel32,photos/hotels/The Ampersand Hotel.png,9.1
hotel33,photos/hotels/The Buxton.png,9.1
hotel34,photos/hotels/The Goring.png,9.3
hotel35,photos/hotels/Egerton House.png,9.3
hotel36,photos/hotels/The LaLit London.png,9.0
hotel37,photos/hotels/The Dixon.png,9.0
hotel38,photos/hotels/COMO The Halkin.png,9.3
hotel39,photos/hotels/Counting House.png,9.1
hotel40,photos/hotels/45 Park Lane.png,9.5
hotel41,photos/hotels/Holmewood Homestay.png,9.4
hotel42,photos/hotels/Tower Suites by Blue Orchid.png,8.8
hotel43,photos/hotels/Star Hotel.png,9.2
hotel44,photos/hotels/Knightsbridge Hotel.png,9.2
hotel45,photos/hotels/Wilde Aparthotels.png,9.0
hotel46,photos/hotels/Amazing London.png,9.2
hotel47,photos/hotels/Radisson Blu Edwardian Mercer Street Hotel.png,9.0
hotel48,photos/hotels/citizenM Tower of London.png,9.1
hotel49,photos/hotels/Kimpton - Fitzroy London.png,9.0
hotel50,photos/hotels/The Alma Hotel.png,9.1
hotel51,photos/hotels/Beaufort House - Knightsbridge.png,9.1
hotel52,photos/hotels/The Lanesborough.png,9.6
hotel53,photos/hotels/Georgiana's Guesthouse.png,9.4
hotel54,photos/hotels/Hilton London Bankside.png,9.1
hotel55,photos/hotels/Mountview Guesthouse Crouch End.png,9.6
hotel56,photos/hotels/54 Queen's Gate Hotel.png,9.1
hotel57,photos/hotels/Apex City Of London Hotel.png,9.0
hotel58,photos/hotels/Marple Cottage Guest House.png,9.2
hotel59,photos/hotels/Rose And Crown Hotel.png,9.3
hotel60,photos/hotels/Crystal Palace B&B.png,9.6
hotel61,photos/hotels/Ham Yard Hotel.png,9.4
hotel62,photos/hotels/Lexham Gardens by Cheval Maison.png,9.4
hotel63,photos/hotels/The Biltmore Mayfair.png,9.2
hotel64,photos/hotels/The Brook Green Hotel.png,9.0
hotel65,photos/hotels/The Hayden Pub & Rooms.png,9.5
hotel66,photos/hotels/Crowne Plaza.png,9.1
hotel67,photos/hotels/Apex London Wall Hotel.png,9.1
hotel68,photos/hotels/Taj 51 Buckingham Gate Suites and Residences.png,9.3
hotel69,photos/hotels/The Henrietta Hotel.png,9.1
hotel70,photos/hotels/Apex Temple Court Hotel.png,9.0
hotel71,photos/hotels/CityPads Leicester Square.png,9.1
hotel72,photos/hotels/Baglioni Hotel London.png,9.1
hotel73,photos/hotels/Cheval Harrington Court at South Kensington.png,9.4
hotel74,photos/hotels/Marylebone Luxury Duplex.png,9.6
hotel75,photos/hotels/The Clerk & Well Pub and Rooms.png,9.1
hotel76,photos/hotels/The Dorchester.png,9.2
hotel77,photos/hotels/The Resident Victoria.png,9.1
hotel78,photos/hotels/Bermonds Locke.png,9.1
hotel79,photos/hotels/The Chesterfield Mayfair.png,8.9
hotel80,photos/hotels/South Place Hotel.png,8.9
hotel81,photos/hotels/Royal Lancaster London.png,9.1
hotel82,photos/hotels/The Berkeley.png,9.2
hotel83,photos/hotels/The Franklin London.png,9.1
hotel84,photos/hotels/Dorset Square Hotel.png,9.0
hotel85,photos/hotels/citizenM London Shoreditch.png,9.0
hotel86,photos/hotels/Sea Containers London.png,8.9
hotel87,photos/hotels/Montcalm Royal London House.png,8.6
hotel88,photos/hotels/Victoria Inn.png,9.0
hotel89,photos/hotels/The Prince Akatoki London.png,9.1
hotel90,photos/hotels/Kensington Court by CAPITAL.png,9.0
hotel91,photos/hotels/simply guesthouse.png,9.1
hotel92,photos/hotels/The Clermont London.png,9.0
hotel93,photos/hotels/The Bloomsbury Hotel.png,9.0
hotel94,photos/hotels/The Hoxton.png,8.8
hotel95,photos/hotels/Camden Town Garden Cabin.png,9.5
hotel96,photos/hotels/Dani Hampstead Studio.png,9.1
hotel97,photos/hotels/Roomzzz London Stratford.png,8.9
hotel98,photos/hotels/Hart Shoreditch Hotel London.png,9.1
hotel99,photos/hotels/The Ned.png,8.9
hotel100,photos/hotels/Sanderson London.png,9.0
hotel101,photos/hotels/Bankside Hotel.png,9.5
hotel102,photos/hotels/Hilton London Canary Wharf.png,8.8
hotel103,photos/hotels/SACO Fitzrovia.png,8.7
hotel104,photos/hotels/ME London by Melia.png,8.9
hotel105,photos/hotels/The One Tun Pub & Rooms.png,9.0
hotel106,photos/hotels/The Chamberlain.png,8.8
hotel107,photos/hotels/Radisson Blu Edwardian Hampshire Hotel.png,8.8
hotel108,photos/hotels/London Marriott Hotel Canary Wharf.png,8.8
hotel109,photos/hotels/Northside Apartments Ealing.png,9.4
hotel110,photos/hotels/Riverside New build with balcony.png,9.5
hotel111,photos/hotels/Clayton Hotel City of London.png,8.9
hotel112,photos/hotels/St Martins Lane London.png,9.0
hotel113,photos/hotels/citizenM London Bankside.png,8.9
hotel114,photos/hotels/Hotel Indigo London Tower Hill.png,8.9
hotel115,photos/hotels/Perfectly located stunning apartment.png,9.3
hotel116,photos/hotels/The Trafalgar St. James.png,9.1
hotel117,photos/hotels/Sloane Place.png,9.0
hotel118,photos/hotels/The Gate ApartHotel London.png,9.0
hotel119,photos/hotels/The Hari London.png,9.0
hotel120,photos/hotels/Conrad London St James.png,9.0
hotel121,photos/hotels/Leman Locke.png,9.0
hotel122,photos/hotels/Lincoln Plaza London.png,9.0
hotel123,photos/hotels/Claridge's.png,9.5
hotel124,photos/hotels/Brook Hotel.png,9.1
hotel125,photos/hotels/The Kensington Hotel.png,9.0
hotel126,photos/hotels/4 St Martins Almshouses.png,9.4
hotel127,photos/hotels/Muswell Hill B&B.png,9.0
hotel128,photos/hotels/Page8.png,9.2
hotel129,photos/hotels/Motel One London.png,8.9
hotel130,photos/hotels/Harlinger Lodge.png,9.1
hotel131,photos/hotels/Great Scotland Yard Hotel.png,9.3
hotel132,photos/hotels/Rosewood London.png,9.0
hotel133,photos/hotels/room2 Hammersmith Hometel.png,9.1
hotel134,photos/hotels/House close to kings cross.png,9.0
hotel135,photos/hotels/Andaz London Liverpool Street.png,9.0
hotel136,photos/hotels/Draycott Hotel.png,9.1
hotel137,photos/hotels/Montcalm East.png,8.9
hotel138,photos/hotels/Sonder l The Arts Council.png,9.1
hotel139,photos/hotels/69TheGrove.png,9.1
hotel140,photos/hotels/Hilton London Tower Bridge.png,8.8
hotel141,photos/hotels/2-bed Notting Hill.png,9.5
hotel142,photos/hotels/Soho Chambers.png,8.9
hotel143,photos/hotels/Beautiful Chelsea Apartment.png,9.5
hotel144,photos/hotels/The Tommyfield Hotel.png,9.0
hotel145,photos/hotels/Novotel London Canary Wharf.png,8.8
hotel146,photos/hotels/St Paul's Hotel.png,8.9
hotel147,photos/hotels/Camden Town House.png,9.0
hotel148,photos/hotels/The Resident Kensington.png,9.0
hotel149,photos/hotels/FINE ARCHITECT HOME.png,9.3
hotel150,photos/hotels/Crashpads Shoreditch the Club Row Collection.png,9.2
hotel151,photos/hotels/The Lodge Hotel.png,8.8
hotel152,photos/hotels/Vincent House London Residence.png,8.9
hotel153,photos/hotels/The Zetter Townhouse Marylebone.png,9.2
hotel154,photos/hotels/The Royal Penthouse.png,9.4
hotel155,photos/hotels/Locke at Broken Wharf.png,8.9
hotel156,photos/hotels/San Domenico House.png,8.9
hotel157,photos/hotels/The Connaught.png,9.2
hotel158,photos/hotels/The Standard London.png,8.9
hotel159,photos/hotels/Staybridge Suites London.png,8.9
hotel160,photos/hotels/The Stafford London.png,9.1
hotel161,photos/hotels/Grand Apartments Kew Gardens.png,9.1
hotel162,photos/hotels/Treehouse Hotel London.png,8.8
hotel163,photos/hotels/Sonder l King Street.png,9.2
hotel164,photos/hotels/Coach & Horses Hotel.png,8.9
hotel165,photos/hotels/The Laslett.png,9.0
hotel166,photos/hotels/Europa House Apartments.png,9.2
hotel167,photos/hotels/Amazingly Luxurious Loft Apartment.png,9.7
hotel168,photos/hotels/One Aldwych.png,9.2
hotel169,photos/hotels/Boutique Home from Home.png,9.3
hotel170,photos/hotels/Bright & Modern 2.png,9.3
hotel171,photos/hotels/Camden Enterprise Hotel.png,9.0
hotel172,photos/hotels/Spacious Central Family Apartment.png,9.3
hotel173,photos/hotels/Lansbury Heritage Hotel.png,8.9
hotel174,photos/hotels/Chiswick Riviera.png,9.0
hotel175,photos/hotels/Templeton Place by Supercity Aparthotels.png,8.9
hotel176,photos/hotels/Luxury apartment by River Thames.png,9.6
hotel177,photos/hotels/The Mandrake.png,8.8
hotel178,photos/hotels/Rockwell East-Tower Bridge.png,8.8
hotel179,photos/hotels/St. James' Court.png,8.9
hotel180,photos/hotels/Apartment 3.png,9.7
hotel181,photos/hotels/The London EDITION.png,8.9
hotel182,photos/hotels/Esquire Apartments Ealing.png,9.4
hotel183,photos/hotels/The Brewers Inn.png,9.0
hotel184,photos/hotels/Bulgari Hotel.png,9.3
hotel185,photos/hotels/No1 The Mansions By Mansley.png,8.9
hotel186,photos/hotels/nhow London.png,9.0
hotel187,photos/hotels/Mondrian London Shoreditch.png,8.8
hotel188,photos/hotels/Stayo Waterloo.png,8.8
hotel189,photos/hotels/Dawson Place.png,9.0
hotel190,photos/hotels/Spectacular River Thames View.png,9.2
hotel191,photos/hotels/Rose and Crown Stoke Newington.png,8.9
hotel192,photos/hotels/The Pilot Inn.png,8.8
hotel193,photos/hotels/The Crescent Hyde Park.png,8.9
hotel194,photos/hotels/Pullman London St Pancras.png,8.8
hotel195,photos/hotels/The Garden Flat.png,9.9
hotel196,photos/hotels/The Landmark London.png,8.9
hotel197,photos/hotels/Collingham Prime Apartments CPA.png,8.8
hotel198,photos/hotels/The Marylebone Hotel.png,8.9
hotel199,photos/hotels/Monarch House.png,9.2
hotel200,photos/hotels/The Montcalm Marble Arch.png,8.6
